{"train/global_step":1875,"eval/runtime":0.5573,"eval/loss":1.501840353012085,"train/epoch":5,"eval/samples_per_second":179.423,"_wandb":{"runtime":388},"train_runtime":392.7458,"_step":55,"train/grad_norm":3.78747296333313,"train/learning_rate":2.141372211741338e-06,"eval/accuracy":0.73,"train_steps_per_second":4.774,"train_samples_per_second":76.385,"_timestamp":1.755162259892981e+09,"eval/steps_per_second":12.56,"_runtime":388,"train/loss":0.0039,"train_loss":0.5542714227368434,"total_flos":1.261806198825216e+16}