{"_step":55,"train/global_step":1875,"train_samples_per_second":72.435,"train_runtime":414.1648,"eval/runtime":0.7257,"eval/samples_per_second":137.79,"_timestamp":1.7551613428376205e+09,"eval/accuracy":0.76,"eval/loss":1.0412920713424683,"train/epoch":5,"_wandb":{"runtime":410},"train/loss":0.0014,"train/grad_norm":0.3571172058582306,"_runtime":410,"total_flos":1.261806198825216e+16,"train_steps_per_second":4.527,"eval/steps_per_second":9.645,"train/learning_rate":1.0295004608778993e-06,"train_loss":0.7305244273811579}