{"train/epoch":5,"train_steps_per_second":8.277,"eval/runtime":0.5401,"train_samples_per_second":66.219,"_step":112,"train/loss":0.2635,"eval/accuracy":0.38,"eval/samples_per_second":185.142,"train_loss":1.3068560722351075,"_timestamp":1.7551627347610598e+09,"_wandb":{"runtime":448},"eval/loss":3.562241792678833,"train/grad_norm":8.703923225402832,"eval/steps_per_second":12.96,"train/global_step":3750,"train/learning_rate":6.407618341095234e-08,"total_flos":1.215402135751296e+16,"_runtime":448,"train_runtime":453.0406}