{"eval/accuracy":0.78,"eval/steps_per_second":12.833,"train/learning_rate":5.259823543575533e-08,"train_steps_per_second":7.484,"eval/samples_per_second":183.327,"_timestamp":1.7551618583674996e+09,"train_loss":0.7122374504009883,"train_samples_per_second":59.87,"train/loss":0.0064,"_wandb":{"runtime":496},"train/epoch":5,"total_flos":1.215402135751296e+16,"eval/loss":1.9119482040405273,"train/global_step":3750,"_step":112,"_runtime":496,"eval/runtime":0.5455,"train_runtime":501.0895,"train/grad_norm":0.005033643916249275}