{"eval/accuracy":0.61,"_timestamp":1.7551644366455402e+09,"eval/runtime":0.5425,"train/global_step":1875,"eval/steps_per_second":12.904,"train_samples_per_second":77.129,"train/learning_rate":4.060994306617198e-06,"_wandb":{"runtime":385},"total_flos":1.261806198825216e+16,"train_loss":0.7930738118489583,"eval/loss":2.6378540992736816,"train/loss":0.0268,"_step":55,"train/epoch":5,"eval/samples_per_second":184.343,"train_steps_per_second":4.821,"_runtime":385,"train/grad_norm":0.233892560005188,"train_runtime":388.9569}