{"eval/steps_per_second":13.365,"train/global_step":1500,"eval/accuracy":0.75,"train_loss":0.6958742975393931,"eval/runtime":0.5237,"_timestamp":1.7551604775156527e+09,"_wandb":{"runtime":320},"train_samples_per_second":71.834,"train_runtime":334.1015,"train/grad_norm":11.450474739074707,"_step":45,"eval/loss":1.068131446838379,"train_steps_per_second":4.49,"train/loss":0.0122,"train/epoch":4,"train/learning_rate":4.007637527735905e-08,"_runtime":320,"eval/samples_per_second":190.935,"total_flos":1.009542834552576e+16}