{"eval/loss":1.1834306716918945,"_runtime":400,"train_loss":0.780844852010409,"eval/runtime":0.7014,"train_samples_per_second":59.414,"eval/samples_per_second":142.564,"total_flos":9.72093307293888e+15,"train_steps_per_second":7.427,"train/loss":0.0229,"eval/steps_per_second":9.979,"eval/accuracy":0.75,"train/global_step":3000,"train/grad_norm":0.2159586399793625,"_wandb":{"runtime":400},"train/epoch":4,"_step":90,"train/learning_rate":2.9119145606824853e-08,"train_runtime":403.9474,"_timestamp":1.7551608959860444e+09}