{"total_flos":1.215402135751296e+16,"_step":112,"eval/samples_per_second":140.734,"train/learning_rate":5.555555555555556e-08,"train/epoch":5,"eval/loss":1.9025999307632446,"_timestamp":1.7551659097014303e+09,"_runtime":570,"train_loss":0.7602950456460317,"train/global_step":3750,"eval/runtime":0.7106,"train_runtime":572.4203,"train_samples_per_second":52.409,"train_steps_per_second":6.551,"_wandb":{"runtime":570},"train/grad_norm":0.025780992582440376,"eval/accuracy":0.71,"eval/steps_per_second":9.851,"train/loss":0.012}