{"train/epoch":5,"train_steps_per_second":8.205,"total_flos":1.215402135751296e+16,"train/grad_norm":0.0023209217470139265,"_wandb":{"runtime":448},"train/loss":0.004,"_runtime":448,"train/global_step":3750,"_step":112,"eval/loss":2.6748061180114746,"eval/samples_per_second":175.945,"eval/steps_per_second":12.316,"eval/accuracy":0.65,"eval/runtime":0.5684,"train_runtime":457.0266,"train/learning_rate":4.682848448802196e-08,"train_samples_per_second":65.642,"_timestamp":1.7551636151919112e+09,"train_loss":0.7994505541364352}