{"train/loss":0.2918,"eval/samples_per_second":187.543,"train_loss":1.2605673108418782,"_runtime":382,"train_runtime":387.4513,"train_steps_per_second":4.839,"train_samples_per_second":77.429,"train/grad_norm":11.001940727233887,"eval/runtime":0.5332,"train/epoch":5,"_step":55,"_timestamp":1.7551640180369906e+09,"_wandb":{"runtime":382},"train/learning_rate":4.06276204598231e-06,"total_flos":1.261806198825216e+16,"eval/loss":2.3104257583618164,"eval/accuracy":0.49,"eval/steps_per_second":13.128,"train/global_step":1875}