{"eval/runtime":0.5586,"train/grad_norm":0.01555562298744917,"train/loss":0.0195,"train_steps_per_second":4.8,"train_runtime":390.5926,"train/epoch":5,"eval/steps_per_second":12.531,"_wandb":{"runtime":385},"train/global_step":1875,"eval/accuracy":0.71,"train_loss":0.5824762509187063,"_step":55,"_runtime":385,"_timestamp":1.7551631426904173e+09,"total_flos":1.261806198825216e+16,"eval/samples_per_second":179.014,"train_samples_per_second":76.806,"eval/loss":1.7825337648391724,"train/learning_rate":2.7973054390190733e-06}